<?xml version="1.0" encoding="utf-8" standalone="no"?>
<manifest identifier="testscrrom" version="1" xmlns:adlnav="http://www.adlnet.org/xsd/adlnav_v1p3" xmlns="http://www.imsglobal.org/xsd/imscp_v1p1" xmlns:adlseq="http://www.adlnet.org/xsd/adlseq_v1p3" xmlns:imsss="http://www.imsglobal.org/xsd/imsss" xmlns:adlcp="http://www.adlnet.org/xsd/adlcp_v1p3" xmlns:xsi="http://www.w3.org/2001/XMLSchema-instance" xsi:schemaLocation="http://www.imsglobal.org/xsd/imscp_v1p1 imscp_v1p1.xsd http://www.adlnet.org/xsd/adlcp_v1p3 adlcp_v1p3.xsd http://www.adlnet.org/xsd/adlseq_v1p3 adlseq_v1p3.xsd http://www.adlnet.org/xsd/adlnav_v1p3 adlnav_v1p3.xsd http://www.imsglobal.org/xsd/imsss imsss_v1p0.xsd">
  <metadata>
    <schema>ADL SCORM</schema>
    <schemaversion>2004.3</schemaversion>
    <adlcp:location>metadata.xml</adlcp:location>
  </metadata>
  <organizations default="示例组织">
    <organization identifier="示例组织">
      <title>test scrrom</title>
      <item identifier="item_testscrrom" identifierref="resource_testscrrom">
        <title>test scrrom</title>
        <imsss:sequencing>
          <imsss:objectives>
            <imsss:primaryObjective objectiveID="PRIMARYOBJ" satisfiedByMeasure="true">
              <imsss:minNormalizedMeasure>0.8</imsss:minNormalizedMeasure>
            </imsss:primaryObjective>
          </imsss:objectives>
          <imsss:deliveryControls completionSetByContent="true" objectiveSetByContent="true"/>
        </imsss:sequencing>
        <metadata>
          <schema>ADL SCORM</schema>
          <schemaversion>2004.3</schemaversion>
          <adlcp:location>metadata.xml</adlcp:location>
        </metadata>
      </item>
      <metadata>
        <schema>ADL SCORM</schema>
        <schemaversion>2004.3</schemaversion>
        <adlcp:location>metadata.xml</adlcp:location>
      </metadata>
      <imsss:sequencing>
        <imsss:controlMode choice="true" flow="true"/>
      </imsss:sequencing>
    </organization>
  </organizations>
  <resources>
    <metadata>
      <schema>ADL SCORM</schema>
      <schemaversion>2004.3</schemaversion>
      <adlcp:location>metadata.xml</adlcp:location>
    </metadata>
    <resource identifier="resource_testscrrom" type="webcontent" href="converted/test scrrom.mp4" adlcp:scormType="sco">
      <metadata>
        <schema>ADL SCORM</schema>
        <schemaversion>2004.3</schemaversion>
        <adlcp:location>metadata.xml</adlcp:location>
      </metadata>
      <file href="test%20scrrom.mp4"/>
    </resource>
  </resources>
</manifest>