<?xml version="1.0" encoding="utf-8"?>
<lom xmlns="http://ltsc.ieee.org/xsd/LOM" xmlns:xsi="http://www.w3.org/2001/XMLSchema-instance" xmlns:pkgprop="http://www.scorm.com/xsd/ScormEnginePackageProperties" xsi:schemaLocation="http://ltsc.ieee.org/xsd/LOM lomLoose.xsd http://www.scorm.com/xsd/ScormEnginePackageProperties ScormEnginePackageProperties.xsd">
  <metametadata>
    <metadataSchema>LOMv1.0</metadataSchema>
    <metadataSchema>ADL SCORM 2004.3</metadataSchema>
    <identifier>
      <catalog>URI</catalog>
      <entry>z.东指科技.testscrrom.8fcf0f76-bc68-4a79-993d-e94f1d1e12d3</entry>
    </identifier>
    <language>zh-CN</language>
    <contribute>
      <role>
        <source>LOMv1.0</source>
        <value>Creator</value>
      </role>
      <entity><![CDATA[BEGIN:VCARD
VERSION:2.1
FN:zongbao cui
ORG:东指科技
TEL;WORK;VOICE:13581711930
ADR;WORK:;;西安高新三期
EMAIL;PREF;INTERNET:czb2402@163.com
URL:https://mydomain.com
END:VCARD  ]]></entity>
      <date>
        <dateTime>1722396520561</dateTime>
        <description language="zh-CN"><![CDATA[1722396169753]]></description>
      </date>
    </contribute>
  </metametadata>
  <general>
    <identifier>
      <catalog>URI</catalog>
      <entry>z.东指科技.testscrrom.8fcf0f76-bc68-4a79-993d-e94f1d1e12d3</entry>
    </identifier>
    <title>
      <string language="zh-CN"><![CDATA[test scrrom]]></string>
    </title>
    <language>zh-CN</language>
    <description>
      <string language="zh-CN"><![CDATA[A test of the course packaging module]]></string>
    </description>
    <structure>
      <source>LOMv1.0</source>
      <value>atomic</value>
    </structure>
    <aggregationLevel>
      <source>LOMv1.0</source>
      <value>1</value>
    </aggregationLevel>
    <keyword>
      <string language="zh-CN"><![CDATA[scorm]]></string>
    </keyword>
    <keyword>
      <string language="zh-CN"><![CDATA[test]]></string>
    </keyword>
    <keyword>
      <string language="zh-CN"><![CDATA[course]]></string>
    </keyword>
  </general>
  <lifeCycle>
    <version>
      <string language="zh-CN">1.0.0</string>
    </version>
    <status>
      <source>LOMv1.0</source>
      <value>final</value>
    </status>
    <contribute>
      <entity><![CDATA[BEGIN:VCARD
VERSION:2.1
FN:zongbao cui
ORG:东指科技
TEL;WORK;VOICE:13581711930
ADR;WORK:;;西安高新三期
EMAIL;PREF;INTERNET:czb2402@163.com
URL:https://mydomain.com
END:VCARD  ]]></entity>
      <date>
        <dateTime>1722396520561</dateTime>
        <description language="zh-CN"><![CDATA[1722396169753]]></description>
      </date>
    </contribute>
    <contribute>
      <role>
        <source>LOMv1.0</source>
        <value>Author</value>
      </role>
      <entity><![CDATA[BEGIN:VCARD
VERSION:2.1
FN:zongbao cui
ORG:东指科技
TEL;WORK;VOICE:13581711930
ADR;WORK:;;西安高新三期
EMAIL;PREF;INTERNET:czb2402@163.com
URL:https://mydomain.com
END:VCARD  ]]></entity>
      <date>
        <dateTime>1722396520561</dateTime>
        <description language="zh-CN"><![CDATA[1722396169753]]></description>
      </date>
    </contribute>
    <contribute>
      <role>
        <source>LOMv1.0</source>
        <value>Publisher</value>
      </role>
      <entity><![CDATA[BEGIN:VCARD
VERSION:2.1
FN:zongbao cui
NOTE:version 1.0.0 
ORG:东指科技
TEL;WORK;VOICE:13581711930
ADR;WORK:;;西安高新三期
EMAIL;PREF;INTERNET:czb2402@163.com
URL:https://mydomain.com
END:VCARD  ]]></entity>
      <date>
        <dateTime>1722396520561</dateTime>
        <description language="zh-CN"><![CDATA[1722396169753]]></description>
      </date>
    </contribute>
    <contribute>
      <role>
        <source>LOMv1.0</source>
        <value>Technical Implementer</value>
      </role>
      <entity><![CDATA[BEGIN:VCARD
VERSION:2.1
FN:zongbao cui
ORG:东指科技
TEL;WORK;VOICE:13581711930
ADR;WORK:;;西安高新三期
EMAIL;PREF;INTERNET:czb2402@163.com
URL:https://mydomain.com
END:VCARD  ]]></entity>
      <date>
        <dateTime>1722396520561</dateTime>
        <description language="zh-CN"><![CDATA[1722396169753]]></description>
      </date>
    </contribute>
  </lifeCycle>
  <technical>
    <format>text/html</format>
    <format>application/x-javascript</format>
    <format>text/css</format>
    <size>3226787</size>
    <location>index.html</location>
    <duration>
      <duration>PT0H0M0S</duration>
      <description>
        <string language="zh-CN"><![CDATA[The time it will take to watch the entire module from start to finish.]]></string>
      </description>
    </duration>
    <pkgprop:ScormEnginePackageProperties xmlns="http://www.scorm.com/xsd/ScormEnginePackageProperties">
      <appearance>
        <displayStage>
          <desired>
            <width>1280</width>
            <height>720</height>
            <fullscreen>yes</fullscreen>
          </desired>
          <required>
            <width>300</width>
            <height>300</height>
            <fullscreen>no</fullscreen>
          </required>
        </displayStage>
      </appearance>
      <behavior>
        <alwaysFlowToFirstSco>yes</alwaysFlowToFirstSco>
        <rollupEmptySetToUnknown>yes</rollupEmptySetToUnknown>
      </behavior>
    </pkgprop:ScormEnginePackageProperties>
  </technical>
  <educational>
    <typicalLearningTime>
      <duration>PT0H0M0S</duration>
      <description>
        <string language="zh-CN"><![CDATA[The average time for a learner to complete this course.]]></string>
      </description>
    </typicalLearningTime>
    <description>
      <string><![CDATA[A test of the course packaging module]]></string>
    </description>
    <language>zh-CN</language>
  </educational>
  <rights>
    <copyrightAndOtherRestrictions>
      <source>LOMv1.0</source>
      <value>no</value>
    </copyrightAndOtherRestrictions>
    <description>
      <string language="zh-CN"><![CDATA[©2024 My dongzhi Company. All right reserved.]]></string>
    </description>
  </rights>
</lom>